{
 "sections": [
  {
   "id": "d485cdad-7163-66a7-9631-de0a20c86211",
   "title": "Page 1",
   "files": [],
   "path": [],
   "type": "markdown",
   "content-file": ".guides/content/Page-1-d485.md",
   "chapter": false,
   "reset": [],
   "teacherOnly": false,
   "learningObjectives": ""
  },
  {
   "id": "2c13f0f0-0198-b193-7b06-8413b16f7dd0",
   "title": "Page 2",
   "files": [],
   "path": [],
   "type": "markdown",
   "content-file": ".guides/content/Page-2-2c13.md",
   "chapter": false,
   "reset": [],
   "teacherOnly": false,
   "learningObjectives": ""
  }
 ],
 "theme": "light",
 "scripts": [],
 "lexikonTopic": "",
 "useSubmitButtons": true,
 "useMarkAsComplete": true
}